/*
 Navicat Premium Data Transfer

 Source Server         : Cheryl
 Source Server Type    : MySQL
 Source Server Version : 80011
 Source Host           : localhost:3306
 Source Schema         : clothingsales

 Target Server Type    : MySQL
 Target Server Version : 80011
 File Encoding         : 65001

 Date: 20/05/2020 15:13:35
*/

SET NAMES utf8mb4;
SET FOREIGN_KEY_CHECKS = 0;

-- ----------------------------
-- Table structure for applyuser
-- ----------------------------
DROP TABLE IF EXISTS `applyuser`;
CREATE TABLE `applyuser`  (
  `userid` varchar(4) CHARACTER SET utf8mb4 COLLATE utf8mb4_0900_ai_ci NOT NULL,
  `username` varchar(20) CHARACTER SET gb18030 COLLATE gb18030_chinese_ci NOT NULL,
  `password` varchar(25) CHARACTER SET utf8mb4 COLLATE utf8mb4_0900_ai_ci NOT NULL,
  `authority` varchar(2) CHARACTER SET utf8mb4 COLLATE utf8mb4_0900_ai_ci NOT NULL,
  `state` int(1) UNSIGNED ZEROFILL NULL DEFAULT NULL,
  PRIMARY KEY (`userid`, `username`) USING BTREE
) ENGINE = InnoDB CHARACTER SET = utf8mb4 COLLATE = utf8mb4_0900_ai_ci ROW_FORMAT = Dynamic;

-- ----------------------------
-- Records of applyuser
-- ----------------------------
INSERT INTO `applyuser` VALUES ('0002', '管理员004', '123456', 'su', 0);
INSERT INTO `applyuser` VALUES ('0601', '广西桂林店', '654321', 'pu', 0);

-- ----------------------------
-- Table structure for clothes
-- ----------------------------
DROP TABLE IF EXISTS `clothes`;
CREATE TABLE `clothes`  (
  `clothingid` varchar(15) CHARACTER SET utf8mb4 COLLATE utf8mb4_0900_ai_ci NOT NULL,
  `property` varchar(20) CHARACTER SET gb18030 COLLATE gb18030_chinese_ci NOT NULL,
  `color` varchar(10) CHARACTER SET gb18030 COLLATE gb18030_chinese_ci NOT NULL,
  `size` varchar(2) CHARACTER SET utf8mb4 COLLATE utf8mb4_0900_ai_ci NOT NULL,
  `price` decimal(10, 2) NOT NULL,
  `discount` decimal(10, 6) NOT NULL,
  `state` int(1) NULL DEFAULT 0,
  PRIMARY KEY (`clothingid`) USING BTREE
) ENGINE = InnoDB CHARACTER SET = utf8mb4 COLLATE = utf8mb4_0900_ai_ci ROW_FORMAT = Dynamic;

-- ----------------------------
-- Records of clothes
-- ----------------------------
INSERT INTO `clothes` VALUES ('190420000101101', '衣服', '红色', '01', 99.00, 1.000000, 0);
INSERT INTO `clothes` VALUES ('190420000101102', '衣服', '红色', '02', 99.00, 1.000000, 0);
INSERT INTO `clothes` VALUES ('190420000101103', '衣服', '红色', '03', 99.00, 1.000000, 0);
INSERT INTO `clothes` VALUES ('190420000201512', '衣服', '绿色', '12', 100.00, 1.000000, 0);
INSERT INTO `clothes` VALUES ('190420000301402', '连衣裙', '花色', '02', 100.00, 0.900000, 0);
INSERT INTO `clothes` VALUES ('200228000101201', '上衣', '橙色', '01', 199.00, 1.000000, 0);
INSERT INTO `clothes` VALUES ('200228000201612', '睡衣', '蓝色', '12', 74.00, 1.000000, 0);
INSERT INTO `clothes` VALUES ('200228000399916', '裤子', '其他', '16', 159.00, 0.900000, 0);
INSERT INTO `clothes` VALUES ('200228000401309', '袜子', '灰色', '09', 19.00, 1.000000, 0);

-- ----------------------------
-- Table structure for depot
-- ----------------------------
DROP TABLE IF EXISTS `depot`;
CREATE TABLE `depot`  (
  `clothingid` varchar(15) CHARACTER SET utf8mb4 COLLATE utf8mb4_0900_ai_ci NOT NULL,
  `numbers` int(10) NOT NULL DEFAULT 1,
  `userid` varchar(4) CHARACTER SET utf8mb4 COLLATE utf8mb4_0900_ai_ci NOT NULL,
  `state` int(1) UNSIGNED ZEROFILL NULL DEFAULT 0,
  PRIMARY KEY (`clothingid`, `userid`) USING BTREE,
  INDEX `clothingid`(`clothingid`) USING BTREE,
  INDEX `u1`(`userid`) USING BTREE,
  CONSTRAINT `c4` FOREIGN KEY (`clothingid`) REFERENCES `clothes` (`clothingid`) ON DELETE CASCADE ON UPDATE CASCADE,
  CONSTRAINT `u1` FOREIGN KEY (`userid`) REFERENCES `user` (`userid`) ON DELETE CASCADE ON UPDATE CASCADE
) ENGINE = InnoDB CHARACTER SET = utf8mb4 COLLATE = utf8mb4_0900_ai_ci ROW_FORMAT = Dynamic;

-- ----------------------------
-- Records of depot
-- ----------------------------
INSERT INTO `depot` VALUES ('190420000101101', 49, '0000', 0);
INSERT INTO `depot` VALUES ('190420000101101', 5, '0101', 0);
INSERT INTO `depot` VALUES ('190420000101101', 17, '0102', 0);
INSERT INTO `depot` VALUES ('190420000101101', 15, '0103', 0);
INSERT INTO `depot` VALUES ('190420000101101', 20, '0104', 0);
INSERT INTO `depot` VALUES ('190420000101101', 20, '0105', 0);
INSERT INTO `depot` VALUES ('190420000101101', 18, '0201', 0);
INSERT INTO `depot` VALUES ('190420000101101', 20, '0202', 0);
INSERT INTO `depot` VALUES ('190420000101101', 20, '0203', 0);
INSERT INTO `depot` VALUES ('190420000101101', 19, '0204', 0);
INSERT INTO `depot` VALUES ('190420000101101', 18, '0301', 0);
INSERT INTO `depot` VALUES ('190420000101101', 14, '0302', 0);
INSERT INTO `depot` VALUES ('190420000101101', 6, '0303', 0);
INSERT INTO `depot` VALUES ('190420000101101', 13, '0401', 0);
INSERT INTO `depot` VALUES ('190420000101101', 14, '0402', 0);
INSERT INTO `depot` VALUES ('190420000101102', 147, '0000', 0);
INSERT INTO `depot` VALUES ('190420000101102', 8, '0101', 0);
INSERT INTO `depot` VALUES ('190420000101102', 11, '0102', 0);
INSERT INTO `depot` VALUES ('190420000101102', 13, '0103', 0);
INSERT INTO `depot` VALUES ('190420000101102', 3, '0104', 0);
INSERT INTO `depot` VALUES ('190420000101102', 0, '0201', 1);
INSERT INTO `depot` VALUES ('190420000101102', 7, '0202', 0);
INSERT INTO `depot` VALUES ('190420000101102', 6, '0203', 0);
INSERT INTO `depot` VALUES ('190420000101102', 1, '0204', 0);
INSERT INTO `depot` VALUES ('190420000101102', 2, '0301', 0);
INSERT INTO `depot` VALUES ('190420000101102', 2, '0302', 0);
INSERT INTO `depot` VALUES ('190420000101102', 3, '0303', 0);
INSERT INTO `depot` VALUES ('190420000101102', 2, '0401', 0);
INSERT INTO `depot` VALUES ('190420000101102', 5, '0402', 0);
INSERT INTO `depot` VALUES ('190420000201512', 88, '0000', 0);
INSERT INTO `depot` VALUES ('190420000201512', 8, '0101', 0);
INSERT INTO `depot` VALUES ('190420000201512', 7, '0102', 0);
INSERT INTO `depot` VALUES ('190420000201512', 10, '0103', 0);
INSERT INTO `depot` VALUES ('190420000201512', 10, '0104', 0);
INSERT INTO `depot` VALUES ('190420000201512', 10, '0105', 0);
INSERT INTO `depot` VALUES ('190420000201512', 5, '0201', 0);
INSERT INTO `depot` VALUES ('190420000201512', 9, '0202', 0);
INSERT INTO `depot` VALUES ('190420000201512', 11, '0203', 0);
INSERT INTO `depot` VALUES ('190420000201512', 8, '0204', 0);
INSERT INTO `depot` VALUES ('190420000201512', 9, '0301', 0);
INSERT INTO `depot` VALUES ('190420000201512', 10, '0302', 0);
INSERT INTO `depot` VALUES ('190420000201512', 10, '0303', 0);
INSERT INTO `depot` VALUES ('190420000201512', 8, '0401', 0);
INSERT INTO `depot` VALUES ('190420000201512', 10, '0402', 0);
INSERT INTO `depot` VALUES ('190420000301402', 61, '0000', 0);
INSERT INTO `depot` VALUES ('190420000301402', 7, '0101', 0);
INSERT INTO `depot` VALUES ('190420000301402', 6, '0102', 0);
INSERT INTO `depot` VALUES ('190420000301402', 10, '0103', 0);
INSERT INTO `depot` VALUES ('190420000301402', 10, '0104', 0);
INSERT INTO `depot` VALUES ('190420000301402', 10, '0105', 0);
INSERT INTO `depot` VALUES ('190420000301402', 6, '0201', 0);
INSERT INTO `depot` VALUES ('190420000301402', 9, '0202', 0);
INSERT INTO `depot` VALUES ('190420000301402', 8, '0203', 0);
INSERT INTO `depot` VALUES ('190420000301402', 8, '0204', 0);
INSERT INTO `depot` VALUES ('190420000301402', 10, '0301', 0);
INSERT INTO `depot` VALUES ('190420000301402', 10, '0302', 0);
INSERT INTO `depot` VALUES ('190420000301402', 5, '0303', 0);
INSERT INTO `depot` VALUES ('190420000301402', 4, '0401', 0);
INSERT INTO `depot` VALUES ('190420000301402', 8, '0402', 0);
INSERT INTO `depot` VALUES ('200228000101201', 89, '0000', 0);
INSERT INTO `depot` VALUES ('200228000101201', 12, '0101', 0);
INSERT INTO `depot` VALUES ('200228000101201', 9, '0102', 0);
INSERT INTO `depot` VALUES ('200228000101201', 7, '0103', 0);
INSERT INTO `depot` VALUES ('200228000101201', 4, '0104', 0);
INSERT INTO `depot` VALUES ('200228000101201', 20, '0201', 0);
INSERT INTO `depot` VALUES ('200228000101201', 13, '0202', 0);
INSERT INTO `depot` VALUES ('200228000101201', 7, '0203', 0);
INSERT INTO `depot` VALUES ('200228000101201', 8, '0204', 0);
INSERT INTO `depot` VALUES ('200228000101201', 10, '0301', 0);
INSERT INTO `depot` VALUES ('200228000101201', 6, '0302', 0);
INSERT INTO `depot` VALUES ('200228000101201', 8, '0303', 0);
INSERT INTO `depot` VALUES ('200228000101201', 6, '0401', 0);
INSERT INTO `depot` VALUES ('200228000101201', 4, '0402', 0);
INSERT INTO `depot` VALUES ('200228000201612', 21, '0000', 0);
INSERT INTO `depot` VALUES ('200228000201612', 9, '0101', 0);
INSERT INTO `depot` VALUES ('200228000201612', 8, '0102', 0);
INSERT INTO `depot` VALUES ('200228000201612', 3, '0103', 0);
INSERT INTO `depot` VALUES ('200228000201612', 5, '0104', 0);
INSERT INTO `depot` VALUES ('200228000201612', 16, '0201', 0);
INSERT INTO `depot` VALUES ('200228000201612', 4, '0202', 0);
INSERT INTO `depot` VALUES ('200228000201612', 3, '0203', 0);
INSERT INTO `depot` VALUES ('200228000201612', 6, '0204', 0);
INSERT INTO `depot` VALUES ('200228000201612', 4, '0301', 0);
INSERT INTO `depot` VALUES ('200228000201612', 4, '0302', 0);
INSERT INTO `depot` VALUES ('200228000201612', 5, '0303', 0);
INSERT INTO `depot` VALUES ('200228000201612', 3, '0401', 0);
INSERT INTO `depot` VALUES ('200228000201612', 7, '0402', 0);
INSERT INTO `depot` VALUES ('200228000399916', 662, '0000', 0);
INSERT INTO `depot` VALUES ('200228000399916', 13, '0101', 0);
INSERT INTO `depot` VALUES ('200228000399916', 12, '0102', 0);
INSERT INTO `depot` VALUES ('200228000399916', 27, '0103', 0);
INSERT INTO `depot` VALUES ('200228000399916', 19, '0104', 0);
INSERT INTO `depot` VALUES ('200228000399916', 16, '0201', 0);
INSERT INTO `depot` VALUES ('200228000399916', 17, '0202', 0);
INSERT INTO `depot` VALUES ('200228000399916', 28, '0203', 0);
INSERT INTO `depot` VALUES ('200228000399916', 14, '0204', 0);
INSERT INTO `depot` VALUES ('200228000399916', 35, '0301', 0);
INSERT INTO `depot` VALUES ('200228000399916', 30, '0302', 0);
INSERT INTO `depot` VALUES ('200228000399916', 7, '0303', 0);
INSERT INTO `depot` VALUES ('200228000399916', 16, '0401', 0);
INSERT INTO `depot` VALUES ('200228000399916', 18, '0402', 0);
INSERT INTO `depot` VALUES ('200228000401309', 95, '0000', 0);
INSERT INTO `depot` VALUES ('200228000401309', 5, '0101', 0);
INSERT INTO `depot` VALUES ('200228000401309', 10, '0102', 0);
INSERT INTO `depot` VALUES ('200228000401309', 8, '0103', 0);
INSERT INTO `depot` VALUES ('200228000401309', 20, '0104', 0);
INSERT INTO `depot` VALUES ('200228000401309', 7, '0201', 0);
INSERT INTO `depot` VALUES ('200228000401309', 10, '0202', 0);
INSERT INTO `depot` VALUES ('200228000401309', 10, '0203', 0);
INSERT INTO `depot` VALUES ('200228000401309', 8, '0204', 0);
INSERT INTO `depot` VALUES ('200228000401309', 8, '0301', 0);
INSERT INTO `depot` VALUES ('200228000401309', 10, '0302', 0);
INSERT INTO `depot` VALUES ('200228000401309', 10, '0303', 0);
INSERT INTO `depot` VALUES ('200228000401309', 9, '0401', 0);
INSERT INTO `depot` VALUES ('200228000401309', 6, '0402', 0);

-- ----------------------------
-- Table structure for flowsheet
-- ----------------------------
DROP TABLE IF EXISTS `flowsheet`;
CREATE TABLE `flowsheet`  (
  `flowid` varchar(15) CHARACTER SET utf8mb4 COLLATE utf8mb4_0900_ai_ci NOT NULL,
  `pricea` decimal(10, 2) NOT NULL,
  `payway` varchar(20) CHARACTER SET utf8mb4 COLLATE utf8mb4_0900_ai_ci NOT NULL,
  `time` datetime(0) NOT NULL,
  `userid` varchar(4) CHARACTER SET utf8mb4 COLLATE utf8mb4_0900_ai_ci NOT NULL,
  `vipphone` varchar(11) CHARACTER SET utf8mb4 COLLATE utf8mb4_0900_ai_ci NULL DEFAULT NULL,
  `usescore` int(20) NULL DEFAULT NULL,
  `state` int(1) UNSIGNED ZEROFILL NOT NULL,
  PRIMARY KEY (`flowid`, `payway`) USING BTREE,
  INDEX `u3`(`userid`) USING BTREE,
  INDEX `flowid`(`flowid`) USING BTREE,
  CONSTRAINT `u3` FOREIGN KEY (`userid`) REFERENCES `user` (`userid`) ON DELETE RESTRICT ON UPDATE RESTRICT
) ENGINE = InnoDB CHARACTER SET = utf8mb4 COLLATE = utf8mb4_0900_ai_ci ROW_FORMAT = Dynamic;

-- ----------------------------
-- Records of flowsheet
-- ----------------------------
INSERT INTO `flowsheet` VALUES ('L20051201010001', 297.00, '现金', '2020-05-12 19:54:47', '0101', 'null', 0, 0);
INSERT INTO `flowsheet` VALUES ('L20051201010002', 286.20, '支付宝', '2020-05-12 19:56:48', '0101', 'null', 0, 0);
INSERT INTO `flowsheet` VALUES ('L20051201010003', 472.00, '微信', '2020-05-12 19:58:24', '0101', '13646348513', 0, 0);
INSERT INTO `flowsheet` VALUES ('L20051201010004', 99.00, '微信', '2020-05-12 19:59:22', '0101', '13646344120', 0, 0);
INSERT INTO `flowsheet` VALUES ('L20051201010005', 57.00, '银行卡', '2020-05-12 20:02:18', '0101', 'null', 0, 0);
INSERT INTO `flowsheet` VALUES ('L20051201010006', 38.00, '微信', '2020-05-12 20:02:43', '0101', 'null', 0, 0);
INSERT INTO `flowsheet` VALUES ('L20051201010007', 300.00, '支付宝', '2020-05-12 20:04:54', '0101', '13596343572', 0, 0);
INSERT INTO `flowsheet` VALUES ('L20051201020001', 397.00, '支付宝', '2020-05-12 20:19:57', '0102', '13596342911', 0, 0);
INSERT INTO `flowsheet` VALUES ('L20051201020002', 333.10, '微信', '2020-05-12 20:20:54', '0102', 'null', 0, 0);
INSERT INTO `flowsheet` VALUES ('L20051201020003', 341.10, '支付宝', '2020-05-12 20:21:25', '0102', 'null', 0, 0);
INSERT INTO `flowsheet` VALUES ('L20051201020004', 148.00, '银行卡', '2020-05-12 20:21:48', '0102', 'null', 0, 0);
INSERT INTO `flowsheet` VALUES ('L20051201020005', 148.00, '支付宝', '2020-05-12 20:22:45', '0102', '13596340288', 0, 0);
INSERT INTO `flowsheet` VALUES ('L20051201020006', 76.00, '微信', '2020-05-12 20:23:29', '0102', '13646345512', 0, 0);
INSERT INTO `flowsheet` VALUES ('L20051201020007', 19.00, '支付宝', '2020-05-12 20:23:53', '0102', 'null', 0, 0);
INSERT INTO `flowsheet` VALUES ('L20051201030001', 38.00, '现金', '2020-05-12 20:25:09', '0103', 'null', 0, 0);
INSERT INTO `flowsheet` VALUES ('L20051201030002', 495.00, '银行卡', '2020-05-12 20:27:34', '0103', 'null', 0, 0);
INSERT INTO `flowsheet` VALUES ('L20051201040001', 398.00, '支付宝', '2020-05-12 20:29:56', '0104', '13596344446', 0, 0);
INSERT INTO `flowsheet` VALUES ('L20051202010001', 323.10, '微信', '2020-05-12 20:33:30', '0201', 'null', 0, 0);
INSERT INTO `flowsheet` VALUES ('L20051202010002', 578.00, '现金', '2020-05-12 20:34:28', '0201', 'null', 0, 0);
INSERT INTO `flowsheet` VALUES ('L20051202020001', 597.00, '支付宝', '2020-05-12 20:36:20', '0202', '13646344120', 0, 0);
INSERT INTO `flowsheet` VALUES ('L20051202020002', 199.00, '银行卡', '2020-05-12 20:36:57', '0202', 'null', 0, 0);
INSERT INTO `flowsheet` VALUES ('L20051202030001', 247.00, '现金', '2020-05-12 20:38:13', '0203', '13646349817', 0, 0);
INSERT INTO `flowsheet` VALUES ('L20051202030002', 1287.90, '支付宝', '2020-05-12 20:44:18', '0203', 'null', 0, 0);
INSERT INTO `flowsheet` VALUES ('L20051202040001', 640.10, '现金', '2020-05-12 20:49:21', '0204', 'null', 0, 0);
INSERT INTO `flowsheet` VALUES ('L20051202040002', 402.00, '微信', '2020-05-12 20:50:06', '0204', 'null', 0, 0);
INSERT INTO `flowsheet` VALUES ('L20051203010001', 143.10, '现金', '2020-05-12 20:51:30', '0301', '13646344174', 0, 0);
INSERT INTO `flowsheet` VALUES ('L20051203010002', 286.20, '微信', '2020-05-12 20:51:54', '0301', 'null', 0, 0);
INSERT INTO `flowsheet` VALUES ('L20051203010003', 99.00, '支付宝', '2020-05-12 20:52:14', '0301', 'null', 0, 0);
INSERT INTO `flowsheet` VALUES ('L20051203010004', 199.00, '微信', '2020-05-12 20:52:53', '0301', '13646341784', 0, 0);
INSERT INTO `flowsheet` VALUES ('L20051203010005', 137.00, '银行卡', '2020-05-12 20:53:46', '0301', '13646341784', 0, 0);
INSERT INTO `flowsheet` VALUES ('L20051203020001', 173.00, '支付宝', '2020-05-12 20:55:02', '0302', '13812122017', 0, 0);
INSERT INTO `flowsheet` VALUES ('L20051203020002', 497.00, '银行卡', '2020-05-12 20:55:32', '0302', 'null', 0, 0);
INSERT INTO `flowsheet` VALUES ('L20051203030001', 503.30, '现金', '2020-05-12 20:56:12', '0303', 'null', 0, 0);
INSERT INTO `flowsheet` VALUES ('L20051203030002', 74.00, '现金', '2020-05-12 20:56:26', '0303', 'null', 0, 0);
INSERT INTO `flowsheet` VALUES ('L20051203030003', 90.00, '微信', '2020-05-12 20:57:11', '0303', 'null', 0, 0);
INSERT INTO `flowsheet` VALUES ('L20051204010001', 291.10, '支付宝', '2020-05-12 20:57:56', '0401', 'null', 0, 0);
INSERT INTO `flowsheet` VALUES ('L20051204010002', 299.00, '微信', '2020-05-12 20:58:45', '0401', '13812127935', 0, 0);
INSERT INTO `flowsheet` VALUES ('L20051204010003', 109.00, '现金', '2020-05-12 20:59:24', '0401', 'null', 0, 0);
INSERT INTO `flowsheet` VALUES ('L20051204010004', 242.10, '微信', '2020-05-12 20:59:46', '0401', 'null', 0, 0);
INSERT INTO `flowsheet` VALUES ('L20051204020001', 286.20, '银行卡', '2020-05-12 21:00:27', '0402', 'null', 0, 0);
INSERT INTO `flowsheet` VALUES ('L20051204020002', 76.00, '现金', '2020-05-12 21:00:48', '0402', 'null', 0, 0);
INSERT INTO `flowsheet` VALUES ('L20051204020003', 189.00, '银行卡', '2020-05-12 21:01:18', '0402', 'null', 0, 0);
INSERT INTO `flowsheet` VALUES ('L20051301010001', 277.00, '现金', '2020-05-13 17:14:34', '0101', '13596340288', 10, 0);
INSERT INTO `flowsheet` VALUES ('L20051301010002', 485.20, '支付宝', '2020-05-13 17:15:37', '0101', 'null', 0, 0);
INSERT INTO `flowsheet` VALUES ('L20051301010003', 280.10, '微信', '2020-05-13 17:16:48', '0101', 'null', 0, 0);
INSERT INTO `flowsheet` VALUES ('L20051301010004', 218.00, '银行卡', '2020-05-13 17:37:42', '0101', '13596340288', 0, 0);
INSERT INTO `flowsheet` VALUES ('L20051301010005', 199.00, '银行卡', '2020-05-13 18:30:01', '0101', '13596340288', 0, 0);
INSERT INTO `flowsheet` VALUES ('L20051301010006', 218.00, '支付宝', '2020-05-13 18:34:33', '0101', '13596340288', 0, 0);
INSERT INTO `flowsheet` VALUES ('L20051301010007', 218.00, '银行卡', '2020-05-13 18:46:20', '0101', '13596340288', 0, 0);
INSERT INTO `flowsheet` VALUES ('L20051301010008', 218.00, '微信', '2020-05-13 20:16:33', '0101', '13596340288', 0, 0);
INSERT INTO `flowsheet` VALUES ('L20051301020001', 233.10, '微信', '2020-05-13 17:17:27', '0102', 'null', 0, 0);
INSERT INTO `flowsheet` VALUES ('L20051301020002', 404.20, '现金', '2020-05-13 17:18:27', '0102', 'null', 0, 0);
INSERT INTO `flowsheet` VALUES ('L20051302010001', 316.00, '银行卡', '2020-05-13 17:19:21', '0201', 'null', 0, 0);
INSERT INTO `flowsheet` VALUES ('L20051501010001', 261.10, '支付宝', '2020-05-15 15:56:13', '0101', 'null', 0, 0);
INSERT INTO `flowsheet` VALUES ('L20051501010002', 199.00, '微信', '2020-05-15 15:56:28', '0101', 'null', 0, 0);
INSERT INTO `flowsheet` VALUES ('L20051501010003', 200.00, '现金', '2020-05-15 15:56:49', '0101', 'null', 0, 0);
INSERT INTO `flowsheet` VALUES ('L20051501010004', 218.00, '现金', '2020-05-15 16:45:07', '0101', '13596340288', 0, 0);
INSERT INTO `flowsheet` VALUES ('L20051501010005', 216.00, '支付宝', '2020-05-15 16:59:06', '0101', '13596340288', 1, 0);
INSERT INTO `flowsheet` VALUES ('L20051501010006', 216.00, '现金', '2020-05-15 17:07:58', '0101', '13596340288', 1, 0);
INSERT INTO `flowsheet` VALUES ('L20051501020001', 262.10, '支付宝', '2020-05-15 15:57:28', '0102', 'null', 0, 0);
INSERT INTO `flowsheet` VALUES ('L20051502010001', 318.00, '银行卡', '2020-05-15 15:58:26', '0201', 'null', 0, 0);
INSERT INTO `flowsheet` VALUES ('L20051601010001', 307.10, '支付宝', '2020-05-16 10:10:30', '0101', 'null', 0, 0);
INSERT INTO `flowsheet` VALUES ('L20051601010002', 540.10, '微信', '2020-05-16 10:11:13', '0101', 'null', 0, 0);
INSERT INTO `flowsheet` VALUES ('L20051601010003', 396.00, '银行卡', '2020-05-16 10:11:57', '0101', 'null', 0, 0);
INSERT INTO `flowsheet` VALUES ('L20051601010004', 216.00, '现金', '2020-05-16 10:21:49', '0101', '13596340288', 1, 0);
INSERT INTO `flowsheet` VALUES ('L20051601010005', 216.00, '支付宝', '2020-05-16 11:11:46', '0101', '13596340288', 1, 0);
INSERT INTO `flowsheet` VALUES ('L20051601010006', 216.00, '现金', '2020-05-16 11:55:11', '0101', '13596340288', 1, 0);
INSERT INTO `flowsheet` VALUES ('L20051601010007', 216.00, '支付宝', '2020-05-16 13:10:04', '0101', '13596340288', 1, 0);
INSERT INTO `flowsheet` VALUES ('L20051601010008', 216.00, '支付宝', '2020-05-16 15:28:08', '0101', '13596340288', 1, 0);
INSERT INTO `flowsheet` VALUES ('L20051601020001', 332.10, '现金', '2020-05-16 10:12:37', '0102', 'null', 0, 0);
INSERT INTO `flowsheet` VALUES ('L20051601020002', 242.10, '支付宝', '2020-05-16 10:13:17', '0102', 'null', 0, 0);
INSERT INTO `flowsheet` VALUES ('L20051602010001', 218.00, '微信', '2020-05-16 10:13:44', '0201', 'null', 0, 0);
INSERT INTO `flowsheet` VALUES ('R20051301010001', 0.00, '现金', '2020-05-13 20:17:33', '0101', 'null', 0, 0);
INSERT INTO `flowsheet` VALUES ('R20051501010001', 0.00, '现金', '2020-05-15 17:08:28', '0101', 'null', 0, 0);
INSERT INTO `flowsheet` VALUES ('R20051601010001', 0.00, '现金', '2020-05-16 11:12:20', '0101', 'null', 0, 0);
INSERT INTO `flowsheet` VALUES ('R20051601010002', 0.00, '现金', '2020-05-16 11:55:49', '0101', 'null', 0, 0);
INSERT INTO `flowsheet` VALUES ('R20051601010003', 9.00, '支付宝', '2020-05-16 15:28:45', '0101', 'null', 0, 0);

-- ----------------------------
-- Table structure for return_policy
-- ----------------------------
DROP TABLE IF EXISTS `return_policy`;
CREATE TABLE `return_policy`  (
  `flowid_returns` varchar(15) CHARACTER SET utf8mb4 COLLATE utf8mb4_0900_ai_ci NOT NULL,
  `flowid_sales` varchar(15) CHARACTER SET utf8mb4 COLLATE utf8mb4_0900_ai_ci NOT NULL,
  `state` int(1) NOT NULL,
  PRIMARY KEY (`flowid_returns`) USING BTREE,
  INDEX `flowid_sales`(`flowid_sales`) USING BTREE,
  CONSTRAINT `flowid_returns` FOREIGN KEY (`flowid_returns`) REFERENCES `flowsheet` (`flowid`) ON DELETE RESTRICT ON UPDATE RESTRICT,
  CONSTRAINT `flowid_sales` FOREIGN KEY (`flowid_sales`) REFERENCES `flowsheet` (`flowid`) ON DELETE RESTRICT ON UPDATE RESTRICT
) ENGINE = InnoDB CHARACTER SET = utf8mb4 COLLATE = utf8mb4_0900_ai_ci ROW_FORMAT = Dynamic;

-- ----------------------------
-- Records of return_policy
-- ----------------------------
INSERT INTO `return_policy` VALUES ('R20051301010001', 'L20051201010001', 0);
INSERT INTO `return_policy` VALUES ('R20051501010001', 'L20051501010001', 0);
INSERT INTO `return_policy` VALUES ('R20051601010001', 'L20051201010002', 0);
INSERT INTO `return_policy` VALUES ('R20051601010002', 'L20051201010001', 0);
INSERT INTO `return_policy` VALUES ('R20051601010003', 'L20051601010001', 0);

-- ----------------------------
-- Table structure for sales
-- ----------------------------
DROP TABLE IF EXISTS `sales`;
CREATE TABLE `sales`  (
  `staffid` varchar(7) CHARACTER SET utf8mb4 COLLATE utf8mb4_0900_ai_ci NOT NULL,
  `clothingid` varchar(15) CHARACTER SET utf8mb4 COLLATE utf8mb4_0900_ai_ci NOT NULL,
  `numbers` int(10) NOT NULL DEFAULT 1,
  `disprice` decimal(10, 2) NOT NULL,
  `flowid` varchar(15) CHARACTER SET utf8mb4 COLLATE utf8mb4_0900_ai_ci NOT NULL,
  `userid` varchar(4) CHARACTER SET utf8mb4 COLLATE utf8mb4_0900_ai_ci NOT NULL,
  `state` int(1) UNSIGNED ZEROFILL NULL DEFAULT 0,
  INDEX `u4`(`userid`) USING BTREE,
  INDEX `s2`(`staffid`) USING BTREE,
  INDEX `f1`(`flowid`) USING BTREE
) ENGINE = InnoDB CHARACTER SET = utf8mb4 COLLATE = utf8mb4_0900_ai_ci ROW_FORMAT = Dynamic;

-- ----------------------------
-- Records of sales
-- ----------------------------
INSERT INTO `sales` VALUES ('0101001', '190420000101101', 2, 198.00, 'L20051201010001', '0101', 1);
INSERT INTO `sales` VALUES ('0101003', '190420000101101', 1, 99.00, 'L20051201010004', '0101', 0);
INSERT INTO `sales` VALUES ('0102001', '190420000101101', 3, 297.00, 'L20051201020001', '0102', 0);
INSERT INTO `sales` VALUES ('0103002', '190420000101101', 5, 495.00, 'L20051201030002', '0103', 0);
INSERT INTO `sales` VALUES ('0204001', '190420000101101', 1, 99.00, 'L20051202040001', '0204', 0);
INSERT INTO `sales` VALUES ('0301001', '190420000101101', 1, 99.00, 'L20051203010003', '0301', 0);
INSERT INTO `sales` VALUES ('0301002', '190420000101101', 1, 99.00, 'L20051203010004', '0301', 0);
INSERT INTO `sales` VALUES ('0302002', '190420000101101', 1, 99.00, 'L20051203020002', '0302', 0);
INSERT INTO `sales` VALUES ('0401002', '190420000101101', 1, 99.00, 'L20051204010004', '0401', 0);
INSERT INTO `sales` VALUES ('0402002', '190420000101101', 1, 99.00, 'L20051204020003', '0402', 0);
INSERT INTO `sales` VALUES ('0101001', '190420000101101', 2, 198.00, 'L20051301010001', '0101', 0);
INSERT INTO `sales` VALUES ('0201001', '190420000101101', 2, 198.00, 'L20051302010001', '0201', 0);
INSERT INTO `sales` VALUES ('0101001', '190420000101102', 1, 99.00, 'L20051201010001', '0101', 1);
INSERT INTO `sales` VALUES ('0102001', '190420000101102', 2, 198.00, 'L20051201020003', '0102', 0);
INSERT INTO `sales` VALUES ('0201001', '190420000101102', 2, 198.00, 'L20051202010002', '0201', 0);
INSERT INTO `sales` VALUES ('0202002', '190420000101102', 1, 99.00, 'L20051202020002', '0202', 0);
INSERT INTO `sales` VALUES ('0203001', '190420000101102', 1, 99.00, 'L20051202030001', '0203', 0);
INSERT INTO `sales` VALUES ('0301002', '190420000101102', 1, 99.00, 'L20051203010005', '0301', 0);
INSERT INTO `sales` VALUES ('0302001', '190420000101102', 1, 99.00, 'L20051203020001', '0302', 0);
INSERT INTO `sales` VALUES ('0401001', '190420000101102', 1, 99.00, 'L20051204010002', '0401', 0);
INSERT INTO `sales` VALUES ('0101002', '190420000101102', 1, 99.00, 'L20051301010001', '0101', 0);
INSERT INTO `sales` VALUES ('0101001', '190420000101102', 1, 99.00, 'L20051301010003', '0101', 0);
INSERT INTO `sales` VALUES ('0101002', '190420000101102', 1, 99.00, 'L20051301010004', '0101', 0);
INSERT INTO `sales` VALUES ('0102002', '190420000101102', 1, 99.00, 'L20051301020002', '0102', 0);
INSERT INTO `sales` VALUES ('0201001', '190420000101102', 1, 99.00, 'L20051302010001', '0201', 0);
INSERT INTO `sales` VALUES ('0101002', '190420000201512', 3, 300.00, 'L20051201010007', '0101', 0);
INSERT INTO `sales` VALUES ('0102001', '190420000201512', 1, 100.00, 'L20051201020001', '0102', 0);
INSERT INTO `sales` VALUES ('0102001', '190420000201512', 1, 100.00, 'L20051201020002', '0102', 0);
INSERT INTO `sales` VALUES ('0201002', '190420000201512', 2, 200.00, 'L20051202010002', '0201', 0);
INSERT INTO `sales` VALUES ('0202002', '190420000201512', 1, 100.00, 'L20051202020002', '0202', 0);
INSERT INTO `sales` VALUES ('0204002', '190420000201512', 2, 200.00, 'L20051202040002', '0204', 0);
INSERT INTO `sales` VALUES ('0301002', '190420000201512', 1, 100.00, 'L20051203010004', '0301', 0);
INSERT INTO `sales` VALUES ('0401001', '190420000201512', 2, 200.00, 'L20051204010002', '0401', 0);
INSERT INTO `sales` VALUES ('0101003', '190420000201512', 1, 100.00, 'L20051301010004', '0101', 0);
INSERT INTO `sales` VALUES ('0102001', '190420000301402', 1, 90.00, 'L20051201020002', '0102', 0);
INSERT INTO `sales` VALUES ('0201001', '190420000301402', 2, 180.00, 'L20051202010001', '0201', 0);
INSERT INTO `sales` VALUES ('0201001', '190420000301402', 2, 180.00, 'L20051202010002', '0201', 0);
INSERT INTO `sales` VALUES ('0204002', '190420000301402', 1, 90.00, 'L20051202040002', '0204', 0);
INSERT INTO `sales` VALUES ('0303001', '190420000301402', 1, 90.00, 'L20051203030003', '0303', 0);
INSERT INTO `sales` VALUES ('0401002', '190420000301402', 1, 90.00, 'L20051204010003', '0401', 0);
INSERT INTO `sales` VALUES ('0402002', '190420000301402', 1, 90.00, 'L20051204020003', '0402', 0);
INSERT INTO `sales` VALUES ('0102002', '190420000301402', 1, 90.00, 'L20051301020001', '0102', 0);
INSERT INTO `sales` VALUES ('0101003', '200228000101201', 2, 398.00, 'L20051201010003', '0101', 0);
INSERT INTO `sales` VALUES ('0104001', '200228000101201', 2, 398.00, 'L20051201040001', '0104', 0);
INSERT INTO `sales` VALUES ('0202001', '200228000101201', 3, 597.00, 'L20051202020001', '0202', 0);
INSERT INTO `sales` VALUES ('0204001', '200228000101201', 2, 398.00, 'L20051202040001', '0204', 0);
INSERT INTO `sales` VALUES ('0302002', '200228000101201', 2, 398.00, 'L20051203020002', '0302', 0);
INSERT INTO `sales` VALUES ('0101003', '200228000101201', 1, 199.00, 'L20051301010002', '0101', 0);
INSERT INTO `sales` VALUES ('0101003', '200228000201612', 1, 74.00, 'L20051201010003', '0101', 0);
INSERT INTO `sales` VALUES ('0102001', '200228000201612', 2, 148.00, 'L20051201020004', '0102', 0);
INSERT INTO `sales` VALUES ('0102002', '200228000201612', 2, 148.00, 'L20051201020005', '0102', 0);
INSERT INTO `sales` VALUES ('0203001', '200228000201612', 2, 148.00, 'L20051202030001', '0203', 0);
INSERT INTO `sales` VALUES ('0204002', '200228000201612', 1, 74.00, 'L20051202040002', '0204', 0);
INSERT INTO `sales` VALUES ('0302001', '200228000201612', 1, 74.00, 'L20051203020001', '0302', 0);
INSERT INTO `sales` VALUES ('0303001', '200228000201612', 1, 74.00, 'L20051203030001', '0303', 0);
INSERT INTO `sales` VALUES ('0303001', '200228000201612', 1, 74.00, 'L20051203030002', '0303', 0);
INSERT INTO `sales` VALUES ('0401001', '200228000201612', 2, 148.00, 'L20051204010001', '0401', 0);
INSERT INTO `sales` VALUES ('0101002', '200228000399916', 2, 286.20, 'L20051201010002', '0101', 1);
INSERT INTO `sales` VALUES ('0102001', '200228000399916', 1, 143.10, 'L20051201020002', '0102', 0);
INSERT INTO `sales` VALUES ('0102001', '200228000399916', 1, 143.10, 'L20051201020003', '0102', 0);
INSERT INTO `sales` VALUES ('0201001', '200228000399916', 1, 143.10, 'L20051202010001', '0201', 0);
INSERT INTO `sales` VALUES ('0203002', '200228000399916', 9, 1287.90, 'L20051202030002', '0203', 0);
INSERT INTO `sales` VALUES ('0204001', '200228000399916', 1, 143.10, 'L20051202040001', '0204', 0);
INSERT INTO `sales` VALUES ('0301001', '200228000399916', 1, 143.10, 'L20051203010001', '0301', 0);
INSERT INTO `sales` VALUES ('0301001', '200228000399916', 2, 286.20, 'L20051203010002', '0301', 0);
INSERT INTO `sales` VALUES ('0303001', '200228000399916', 3, 429.30, 'L20051203030001', '0303', 0);
INSERT INTO `sales` VALUES ('0401001', '200228000399916', 1, 143.10, 'L20051204010001', '0401', 0);
INSERT INTO `sales` VALUES ('0401002', '200228000399916', 1, 143.10, 'L20051204010004', '0401', 0);
INSERT INTO `sales` VALUES ('0402001', '200228000399916', 2, 286.20, 'L20051204020001', '0402', 0);
INSERT INTO `sales` VALUES ('0101003', '200228000399916', 2, 286.20, 'L20051301010002', '0101', 0);
INSERT INTO `sales` VALUES ('0101001', '200228000399916', 1, 143.10, 'L20051301010003', '0101', 0);
INSERT INTO `sales` VALUES ('0102001', '200228000399916', 1, 143.10, 'L20051301020001', '0102', 0);
INSERT INTO `sales` VALUES ('0102003', '200228000399916', 2, 286.20, 'L20051301020002', '0102', 0);
INSERT INTO `sales` VALUES ('0101003', '200228000401309', 3, 57.00, 'L20051201010005', '0101', 0);
INSERT INTO `sales` VALUES ('0101002', '200228000401309', 2, 38.00, 'L20051201010006', '0101', 0);
INSERT INTO `sales` VALUES ('0102002', '200228000401309', 4, 76.00, 'L20051201020006', '0102', 0);
INSERT INTO `sales` VALUES ('0102003', '200228000401309', 1, 19.00, 'L20051201020007', '0102', 0);
INSERT INTO `sales` VALUES ('0103001', '200228000401309', 2, 38.00, 'L20051201030001', '0103', 0);
INSERT INTO `sales` VALUES ('0204002', '200228000401309', 2, 38.00, 'L20051202040002', '0204', 0);
INSERT INTO `sales` VALUES ('0301002', '200228000401309', 2, 38.00, 'L20051203010005', '0301', 0);
INSERT INTO `sales` VALUES ('0401002', '200228000401309', 1, 19.00, 'L20051204010003', '0401', 0);
INSERT INTO `sales` VALUES ('0402001', '200228000401309', 4, 76.00, 'L20051204020002', '0402', 0);
INSERT INTO `sales` VALUES ('0101001', '200228000401309', 2, 38.00, 'L20051301010003', '0101', 0);
INSERT INTO `sales` VALUES ('0101003', '200228000401309', 1, 19.00, 'L20051301010004', '0101', 0);
INSERT INTO `sales` VALUES ('0102003', '200228000401309', 1, 19.00, 'L20051301020002', '0102', 0);
INSERT INTO `sales` VALUES ('0201001', '200228000401309', 1, 19.00, 'L20051302010001', '0201', 0);
INSERT INTO `sales` VALUES ('0101001', '190420000101101', 1, 99.00, 'L20051301010005', '0101', 0);
INSERT INTO `sales` VALUES ('0101002', '190420000201512', 1, 100.00, 'L20051301010005', '0101', 0);
INSERT INTO `sales` VALUES ('0101003', '190420000101102', 1, 99.00, 'L20051301010006', '0101', 0);
INSERT INTO `sales` VALUES ('0101002', '190420000201512', 1, 100.00, 'L20051301010006', '0101', 0);
INSERT INTO `sales` VALUES ('0101003', '200228000401309', 1, 19.00, 'L20051301010006', '0101', 0);
INSERT INTO `sales` VALUES ('0101003', '190420000101102', 1, 99.00, 'L20051301010007', '0101', 0);
INSERT INTO `sales` VALUES ('0101002', '190420000201512', 1, 100.00, 'L20051301010007', '0101', 0);
INSERT INTO `sales` VALUES ('0101003', '200228000401309', 1, 19.00, 'L20051301010007', '0101', 0);
INSERT INTO `sales` VALUES ('0101003', '190420000101102', 1, 99.00, 'L20051301010008', '0101', 0);
INSERT INTO `sales` VALUES ('0101002', '190420000201512', 1, 100.00, 'L20051301010008', '0101', 0);
INSERT INTO `sales` VALUES ('0101003', '200228000401309', 1, 19.00, 'L20051301010008', '0101', 0);
INSERT INTO `sales` VALUES ('0101003', '190420000101101', 1, 99.00, 'R20051301010001', '0101', 0);
INSERT INTO `sales` VALUES ('0101001', '190420000101102', 1, -99.00, 'R20051301010001', '0101', 0);
INSERT INTO `sales` VALUES ('0101003', '200228000399916', 1, 143.10, 'L20051501010001', '0101', 0);
INSERT INTO `sales` VALUES ('0101003', '200228000401309', 1, 19.00, 'L20051501010001', '0101', 0);
INSERT INTO `sales` VALUES ('0101003', '190420000101101', 1, 99.00, 'L20051501010001', '0101', 1);
INSERT INTO `sales` VALUES ('0101002', '190420000101102', 1, 99.00, 'L20051501010002', '0101', 0);
INSERT INTO `sales` VALUES ('0101002', '190420000201512', 1, 100.00, 'L20051501010002', '0101', 0);
INSERT INTO `sales` VALUES ('0101001', '190420000201512', 2, 200.00, 'L20051501010003', '0101', 0);
INSERT INTO `sales` VALUES ('0102001', '190420000201512', 1, 100.00, 'L20051501020001', '0102', 0);
INSERT INTO `sales` VALUES ('0102002', '200228000399916', 1, 143.10, 'L20051501020001', '0102', 0);
INSERT INTO `sales` VALUES ('0102001', '200228000401309', 1, 19.00, 'L20051501020001', '0102', 0);
INSERT INTO `sales` VALUES ('0201001', '190420000201512', 2, 200.00, 'L20051502010001', '0201', 0);
INSERT INTO `sales` VALUES ('0201002', '190420000101102', 1, 99.00, 'L20051502010001', '0201', 0);
INSERT INTO `sales` VALUES ('0201001', '200228000401309', 1, 19.00, 'L20051502010001', '0201', 0);
INSERT INTO `sales` VALUES ('0101003', '190420000101102', 1, 99.00, 'L20051501010004', '0101', 0);
INSERT INTO `sales` VALUES ('0101002', '190420000201512', 1, 100.00, 'L20051501010004', '0101', 0);
INSERT INTO `sales` VALUES ('0101003', '200228000401309', 1, 19.00, 'L20051501010004', '0101', 0);
INSERT INTO `sales` VALUES ('0101003', '190420000101102', 1, 99.00, 'L20051501010005', '0101', 0);
INSERT INTO `sales` VALUES ('0101002', '190420000201512', 1, 100.00, 'L20051501010005', '0101', 0);
INSERT INTO `sales` VALUES ('0101003', '200228000401309', 1, 19.00, 'L20051501010005', '0101', 0);
INSERT INTO `sales` VALUES ('0101003', '190420000101102', 1, 99.00, 'L20051501010006', '0101', 0);
INSERT INTO `sales` VALUES ('0101002', '190420000201512', 1, 100.00, 'L20051501010006', '0101', 0);
INSERT INTO `sales` VALUES ('0101003', '200228000401309', 1, 19.00, 'L20051501010006', '0101', 0);
INSERT INTO `sales` VALUES ('0101003', '190420000101102', 1, 99.00, 'R20051501010001', '0101', 0);
INSERT INTO `sales` VALUES ('0101003', '190420000101101', 1, -99.00, 'R20051501010001', '0101', 0);
INSERT INTO `sales` VALUES ('0101003', '200228000399916', 1, 143.10, 'L20051601010001', '0101', 0);
INSERT INTO `sales` VALUES ('0101002', '190420000301402', 1, 90.00, 'L20051601010001', '0101', 1);
INSERT INTO `sales` VALUES ('0101003', '200228000201612', 1, 74.00, 'L20051601010001', '0101', 0);
INSERT INTO `sales` VALUES ('0101001', '200228000101201', 1, 199.00, 'L20051601010002', '0101', 0);
INSERT INTO `sales` VALUES ('0101001', '200228000399916', 1, 143.10, 'L20051601010002', '0101', 0);
INSERT INTO `sales` VALUES ('0101001', '190420000101101', 2, 198.00, 'L20051601010002', '0101', 0);
INSERT INTO `sales` VALUES ('0101002', '190420000101101', 3, 297.00, 'L20051601010003', '0101', 0);
INSERT INTO `sales` VALUES ('0101002', '190420000101102', 1, 99.00, 'L20051601010003', '0101', 0);
INSERT INTO `sales` VALUES ('0102001', '190420000101102', 1, 99.00, 'L20051601020001', '0102', 0);
INSERT INTO `sales` VALUES ('0102001', '190420000301402', 1, 90.00, 'L20051601020001', '0102', 0);
INSERT INTO `sales` VALUES ('0102001', '200228000399916', 1, 143.10, 'L20051601020001', '0102', 0);
INSERT INTO `sales` VALUES ('0102002', '190420000101102', 1, 99.00, 'L20051601020002', '0102', 0);
INSERT INTO `sales` VALUES ('0102002', '200228000399916', 1, 143.10, 'L20051601020002', '0102', 0);
INSERT INTO `sales` VALUES ('0201001', '200228000401309', 1, 19.00, 'L20051602010001', '0201', 0);
INSERT INTO `sales` VALUES ('0201002', '190420000101102', 1, 99.00, 'L20051602010001', '0201', 0);
INSERT INTO `sales` VALUES ('0201001', '190420000201512', 1, 100.00, 'L20051602010001', '0201', 0);
INSERT INTO `sales` VALUES ('0101003', '200228000401309', 1, 19.00, 'L20051601010004', '0101', 0);
INSERT INTO `sales` VALUES ('0101002', '190420000201512', 1, 100.00, 'L20051601010004', '0101', 0);
INSERT INTO `sales` VALUES ('0101003', '190420000101102', 1, 99.00, 'L20051601010004', '0101', 0);
INSERT INTO `sales` VALUES ('0101003', '190420000101102', 1, 99.00, 'L20051601010005', '0101', 0);
INSERT INTO `sales` VALUES ('0101002', '190420000201512', 1, 100.00, 'L20051601010005', '0101', 0);
INSERT INTO `sales` VALUES ('0101003', '200228000401309', 1, 19.00, 'L20051601010005', '0101', 0);
INSERT INTO `sales` VALUES ('0101003', '200228000399916', 1, 143.10, 'R20051601010001', '0101', 0);
INSERT INTO `sales` VALUES ('0101002', '200228000399916', 1, -143.10, 'R20051601010001', '0101', 0);
INSERT INTO `sales` VALUES ('0101003', '190420000101102', 1, 99.00, 'L20051601010006', '0101', 0);
INSERT INTO `sales` VALUES ('0101002', '190420000201512', 1, 100.00, 'L20051601010006', '0101', 0);
INSERT INTO `sales` VALUES ('0101003', '200228000401309', 1, 19.00, 'L20051601010006', '0101', 0);
INSERT INTO `sales` VALUES ('0101003', '190420000101102', 1, 99.00, 'R20051601010002', '0101', 0);
INSERT INTO `sales` VALUES ('0101001', '190420000101101', 1, -99.00, 'R20051601010002', '0101', 0);
INSERT INTO `sales` VALUES ('0101003', '190420000101102', 1, 99.00, 'L20051601010007', '0101', 0);
INSERT INTO `sales` VALUES ('0101002', '190420000201512', 1, 100.00, 'L20051601010007', '0101', 0);
INSERT INTO `sales` VALUES ('0101003', '200228000401309', 1, 19.00, 'L20051601010007', '0101', 0);
INSERT INTO `sales` VALUES ('0101003', '190420000101102', 1, 99.00, 'L20051601010008', '0101', 0);
INSERT INTO `sales` VALUES ('0101002', '190420000201512', 1, 100.00, 'L20051601010008', '0101', 0);
INSERT INTO `sales` VALUES ('0101003', '200228000401309', 1, 19.00, 'L20051601010008', '0101', 0);
INSERT INTO `sales` VALUES ('0101003', '190420000101101', 1, 99.00, 'R20051601010003', '0101', 0);
INSERT INTO `sales` VALUES ('0101002', '190420000301402', 1, -90.00, 'R20051601010003', '0101', 0);

-- ----------------------------
-- Table structure for staff
-- ----------------------------
DROP TABLE IF EXISTS `staff`;
CREATE TABLE `staff`  (
  `staffid` varchar(7) CHARACTER SET utf8mb4 COLLATE utf8mb4_0900_ai_ci NOT NULL,
  `staffname` varchar(20) CHARACTER SET gb18030 COLLATE gb18030_chinese_ci NOT NULL,
  `userid` varchar(4) CHARACTER SET utf8mb4 COLLATE utf8mb4_0900_ai_ci NOT NULL,
  `state` int(1) UNSIGNED ZEROFILL NULL DEFAULT 0,
  PRIMARY KEY (`staffid`) USING BTREE,
  INDEX `u2`(`userid`) USING BTREE,
  CONSTRAINT `u2` FOREIGN KEY (`userid`) REFERENCES `user` (`userid`) ON DELETE RESTRICT ON UPDATE RESTRICT
) ENGINE = InnoDB CHARACTER SET = utf8mb4 COLLATE = utf8mb4_0900_ai_ci ROW_FORMAT = Dynamic;

-- ----------------------------
-- Records of staff
-- ----------------------------
INSERT INTO `staff` VALUES ('0000001', '任艳芳', '0000', 0);
INSERT INTO `staff` VALUES ('0000002', '范姜亦', '0000', 0);
INSERT INTO `staff` VALUES ('0000003', '浮和暄', '0000', 0);
INSERT INTO `staff` VALUES ('0000004', '拱从冬', '0000', 0);
INSERT INTO `staff` VALUES ('0000007', '去', '0000', 1);
INSERT INTO `staff` VALUES ('0101001', '威语霓', '0101', 0);
INSERT INTO `staff` VALUES ('0101002', '丙燕晨', '0101', 0);
INSERT INTO `staff` VALUES ('0101003', '频雯丽', '0101', 0);
INSERT INTO `staff` VALUES ('0101004', '冠安邦', '0101', 0);
INSERT INTO `staff` VALUES ('0102001', '时怜', '0102', 0);
INSERT INTO `staff` VALUES ('0102002', '覃笑妍', '0102', 0);
INSERT INTO `staff` VALUES ('0102003', '酒欣可', '0102', 0);
INSERT INTO `staff` VALUES ('0102004', '缑冷雪', '0102', 0);
INSERT INTO `staff` VALUES ('0103001', '旁夏璇', '0103', 0);
INSERT INTO `staff` VALUES ('0103002', '斐曼丽', '0103', 0);
INSERT INTO `staff` VALUES ('0104001', '苍怀思', '0104', 0);
INSERT INTO `staff` VALUES ('0104002', '京映', '0104', 0);
INSERT INTO `staff` VALUES ('0105001', '栗兰', '0105', 0);
INSERT INTO `staff` VALUES ('0105002', '范雪卉', '0105', 0);
INSERT INTO `staff` VALUES ('0201001', '阙筠竹', '0201', 0);
INSERT INTO `staff` VALUES ('0201002', '郭雅', '0201', 0);
INSERT INTO `staff` VALUES ('0202001', '其雨晨', '0202', 0);
INSERT INTO `staff` VALUES ('0202002', '展雅歌', '0202', 0);
INSERT INTO `staff` VALUES ('0203001', '羽月天', '0203', 0);
INSERT INTO `staff` VALUES ('0203002', '佼从蓉', '0203', 0);
INSERT INTO `staff` VALUES ('0204001', '弓芮佳', '0204', 0);
INSERT INTO `staff` VALUES ('0204002', '鲜雅宁', '0204', 0);
INSERT INTO `staff` VALUES ('0301001', '亓水荷', '0301', 0);
INSERT INTO `staff` VALUES ('0301002', '赫连晏静', '0301', 0);
INSERT INTO `staff` VALUES ('0302001', '宣晨璐', '0302', 0);
INSERT INTO `staff` VALUES ('0302002', '郗慧月', '0302', 0);
INSERT INTO `staff` VALUES ('0303001', '麴柔雅', '0303', 0);
INSERT INTO `staff` VALUES ('0401001', '谷思思', '0401', 0);
INSERT INTO `staff` VALUES ('0401002', '宾诗筠', '0401', 0);
INSERT INTO `staff` VALUES ('0402001', '夏侯平莹', '0402', 0);
INSERT INTO `staff` VALUES ('0402002', '彭思萱', '0402', 0);

-- ----------------------------
-- Table structure for stock_transfer
-- ----------------------------
DROP TABLE IF EXISTS `stock_transfer`;
CREATE TABLE `stock_transfer`  (
  `id` varchar(11) CHARACTER SET utf8mb4 COLLATE utf8mb4_0900_ai_ci NOT NULL,
  `numbers` int(10) NOT NULL,
  `out_time` datetime(0) NOT NULL,
  `in_time` datetime(0) NULL DEFAULT NULL,
  `out_staffid` varchar(7) CHARACTER SET utf8mb4 COLLATE utf8mb4_0900_ai_ci NOT NULL,
  `in_staffid` varchar(7) CHARACTER SET utf8mb4 COLLATE utf8mb4_0900_ai_ci NULL DEFAULT NULL,
  `out_userid` varchar(4) CHARACTER SET utf8mb4 COLLATE utf8mb4_0900_ai_ci NOT NULL,
  `in_userid` varchar(4) CHARACTER SET utf8mb4 COLLATE utf8mb4_0900_ai_ci NOT NULL,
  `status` int(1) NOT NULL,
  PRIMARY KEY (`id`) USING BTREE,
  INDEX `out_userid`(`out_userid`) USING BTREE,
  INDEX `in_userid`(`in_userid`) USING BTREE,
  INDEX `staffid1`(`out_staffid`) USING BTREE,
  CONSTRAINT `in_userid` FOREIGN KEY (`in_userid`) REFERENCES `user` (`userid`) ON DELETE RESTRICT ON UPDATE RESTRICT,
  CONSTRAINT `out_userid` FOREIGN KEY (`out_userid`) REFERENCES `user` (`userid`) ON DELETE RESTRICT ON UPDATE RESTRICT,
  CONSTRAINT `staffid1` FOREIGN KEY (`out_staffid`) REFERENCES `staff` (`staffid`) ON DELETE RESTRICT ON UPDATE RESTRICT
) ENGINE = InnoDB CHARACTER SET = utf8mb4 COLLATE = utf8mb4_0900_ai_ci ROW_FORMAT = Dynamic;

-- ----------------------------
-- Records of stock_transfer
-- ----------------------------
INSERT INTO `stock_transfer` VALUES ('20200512002', 3, '2020-05-12 19:42:36', '2020-05-12 19:51:21', '0000002', '0101003', '0000', '0101', 1);
INSERT INTO `stock_transfer` VALUES ('20200512003', 3, '2020-05-12 19:43:48', '2020-05-12 19:50:16', '0000002', '0101001', '0000', '0101', 2);
INSERT INTO `stock_transfer` VALUES ('20200512004', 5, '2020-05-12 19:45:15', NULL, '0000001', 'null', '0000', '0102', 0);
INSERT INTO `stock_transfer` VALUES ('20200512005', 7, '2020-05-12 19:46:09', '2020-05-16 11:12:55', '0000001', '0101003', '0000', '0101', 2);
INSERT INTO `stock_transfer` VALUES ('20200512006', 4, '2020-05-12 19:48:10', NULL, '0101001', 'null', '0101', '0102', 0);
INSERT INTO `stock_transfer` VALUES ('20200515001', 6, '2020-05-15 15:54:12', '2020-05-15 17:09:08', '0000001', '0101003', '0000', '0101', 2);
INSERT INTO `stock_transfer` VALUES ('20200516001', 3, '2020-05-16 11:30:17', NULL, '0101001', 'null', '0101', '0000', 0);
INSERT INTO `stock_transfer` VALUES ('20200516002', 3, '2020-05-16 11:56:16', '2020-05-16 11:56:51', '0101001', '0000001', '0101', '0000', 2);
INSERT INTO `stock_transfer` VALUES ('20200516003', 4, '2020-05-16 13:11:19', '2020-05-16 13:11:55', '0101001', '0000001', '0101', '0000', 2);
INSERT INTO `stock_transfer` VALUES ('20200516004', 5, '2020-05-16 15:09:20', NULL, '0101001', 'null', '0101', '0000', 0);
INSERT INTO `stock_transfer` VALUES ('20200516005', 4, '2020-05-16 15:29:16', '2020-05-16 15:29:56', '0101001', '0000001', '0101', '0000', 2);

-- ----------------------------
-- Table structure for stock_transfer_details
-- ----------------------------
DROP TABLE IF EXISTS `stock_transfer_details`;
CREATE TABLE `stock_transfer_details`  (
  `id` varchar(11) CHARACTER SET utf8mb4 COLLATE utf8mb4_0900_ai_ci NOT NULL,
  `clothingid` varchar(15) CHARACTER SET utf8mb4 COLLATE utf8mb4_0900_ai_ci NOT NULL,
  `numbers` int(10) NOT NULL,
  `status` int(1) NOT NULL,
  INDEX `clothingid`(`clothingid`) USING BTREE,
  CONSTRAINT `clothingid` FOREIGN KEY (`clothingid`) REFERENCES `clothes` (`clothingid`) ON DELETE RESTRICT ON UPDATE RESTRICT
) ENGINE = InnoDB CHARACTER SET = utf8mb4 COLLATE = utf8mb4_0900_ai_ci ROW_FORMAT = Dynamic;

-- ----------------------------
-- Records of stock_transfer_details
-- ----------------------------
INSERT INTO `stock_transfer_details` VALUES ('20200512002', '200228000399916', 2, 1);
INSERT INTO `stock_transfer_details` VALUES ('20200512002', '200228000401309', 1, 1);
INSERT INTO `stock_transfer_details` VALUES ('20200512003', '200228000401309', 1, 1);
INSERT INTO `stock_transfer_details` VALUES ('20200512003', '200228000101201', 1, 1);
INSERT INTO `stock_transfer_details` VALUES ('20200512004', '190420000301402', 2, 0);
INSERT INTO `stock_transfer_details` VALUES ('20200512004', '190420000101102', 3, 0);
INSERT INTO `stock_transfer_details` VALUES ('20200512005', '200228000201612', 1, 1);
INSERT INTO `stock_transfer_details` VALUES ('20200512005', '200228000399916', 1, 1);
INSERT INTO `stock_transfer_details` VALUES ('20200512005', '190420000301402', 1, 1);
INSERT INTO `stock_transfer_details` VALUES ('20200512006', '190420000301402', 4, 0);
INSERT INTO `stock_transfer_details` VALUES ('20200512003', '200228000101201', 1, 2);
INSERT INTO `stock_transfer_details` VALUES ('20200515001', '190420000301402', 1, 1);
INSERT INTO `stock_transfer_details` VALUES ('20200515001', '190420000101101', 1, 1);
INSERT INTO `stock_transfer_details` VALUES ('20200515001', '200228000401309', 1, 1);
INSERT INTO `stock_transfer_details` VALUES ('20200515001', '190420000101101', 1, 2);
INSERT INTO `stock_transfer_details` VALUES ('20200515001', '200228000401309', 2, 2);
INSERT INTO `stock_transfer_details` VALUES ('20200512005', '190420000301402', 4, 2);
INSERT INTO `stock_transfer_details` VALUES ('20200516001', '190420000301402', 1, 0);
INSERT INTO `stock_transfer_details` VALUES ('20200516001', '190420000101101', 1, 0);
INSERT INTO `stock_transfer_details` VALUES ('20200516001', '200228000399916', 1, 0);
INSERT INTO `stock_transfer_details` VALUES ('20200516002', '190420000301402', 1, 1);
INSERT INTO `stock_transfer_details` VALUES ('20200516002', '190420000101101', 1, 1);
INSERT INTO `stock_transfer_details` VALUES ('20200516002', '200228000399916', 1, 2);
INSERT INTO `stock_transfer_details` VALUES ('20200516003', '190420000301402', 1, 1);
INSERT INTO `stock_transfer_details` VALUES ('20200516003', '190420000101101', 1, 1);
INSERT INTO `stock_transfer_details` VALUES ('20200516003', '190420000101101', 1, 2);
INSERT INTO `stock_transfer_details` VALUES ('20200516003', '200228000401309', 1, 2);
INSERT INTO `stock_transfer_details` VALUES ('20200516004', '200228000401309', 1, 0);
INSERT INTO `stock_transfer_details` VALUES ('20200516004', '190420000101101', 1, 0);
INSERT INTO `stock_transfer_details` VALUES ('20200516004', '190420000301402', 3, 0);
INSERT INTO `stock_transfer_details` VALUES ('20200516005', '190420000101101', 2, 1);
INSERT INTO `stock_transfer_details` VALUES ('20200516005', '200228000401309', 1, 1);
INSERT INTO `stock_transfer_details` VALUES ('20200516005', '200228000401309', 1, 2);

-- ----------------------------
-- Table structure for user
-- ----------------------------
DROP TABLE IF EXISTS `user`;
CREATE TABLE `user`  (
  `userid` varchar(4) CHARACTER SET utf8mb4 COLLATE utf8mb4_0900_ai_ci NOT NULL,
  `username` varchar(20) CHARACTER SET gb18030 COLLATE gb18030_chinese_ci NOT NULL,
  `password` varchar(20) CHARACTER SET utf8mb4 COLLATE utf8mb4_0900_ai_ci NOT NULL,
  `authority` varchar(2) CHARACTER SET utf8mb4 COLLATE utf8mb4_0900_ai_ci NOT NULL,
  `state` int(1) UNSIGNED ZEROFILL NULL DEFAULT 0,
  PRIMARY KEY (`userid`) USING BTREE
) ENGINE = InnoDB CHARACTER SET = utf8mb4 COLLATE = utf8mb4_0900_ai_ci ROW_FORMAT = Dynamic;

-- ----------------------------
-- Records of user
-- ----------------------------
INSERT INTO `user` VALUES ('0000', '管理员001', 'z', 'su', 0);
INSERT INTO `user` VALUES ('0003', '管理员003', '654321', 'su', 0);
INSERT INTO `user` VALUES ('0101', '广东佛山店', '123456', 'pu', 0);
INSERT INTO `user` VALUES ('0102', '广东桂城店', '123456', 'pu', 0);
INSERT INTO `user` VALUES ('0103', '广东黄埔店', '654321', 'pu', 0);
INSERT INTO `user` VALUES ('0104', '广东天河店', '654321', 'pu', 0);
INSERT INTO `user` VALUES ('0105', '广东清远店', '123456', 'pu', 0);
INSERT INTO `user` VALUES ('0106', '广东湛江店', '098765', 'pu', 0);
INSERT INTO `user` VALUES ('0107', '广东深圳', '123456', 'pu', 0);
INSERT INTO `user` VALUES ('0109', '广东佛山2店', 'gd1234', 'pu', 0);
INSERT INTO `user` VALUES ('0201', '湖南常德店', 'hn1234', 'pu', 0);
INSERT INTO `user` VALUES ('0202', '湖南岳阳店', 'hn1234', 'pu', 0);
INSERT INTO `user` VALUES ('0203', '湖南湘潭店', 'hn1234', 'pu', 0);
INSERT INTO `user` VALUES ('0204', '湖南株洲店', 'hn1234', 'pu', 0);
INSERT INTO `user` VALUES ('0205', '湖南长沙店', '123456', 'pu', 0);
INSERT INTO `user` VALUES ('0301', '浙江杭州店', 'zj1234', 'pu', 0);
INSERT INTO `user` VALUES ('0302', '浙江金华店', 'zj1234', 'pu', 0);
INSERT INTO `user` VALUES ('0303', '浙江温州店', 'zj1234', 'pu', 0);
INSERT INTO `user` VALUES ('0401', '上海虹口店', 'sh1234', 'pu', 0);
INSERT INTO `user` VALUES ('0402', '上海徐汇店', 'sh1234', 'pu', 0);
INSERT INTO `user` VALUES ('0403', '上海青浦店', 'sh1234', 'pu', 0);

-- ----------------------------
-- Table structure for vip
-- ----------------------------
DROP TABLE IF EXISTS `vip`;
CREATE TABLE `vip`  (
  `phone` varchar(11) CHARACTER SET utf8mb4 COLLATE utf8mb4_0900_ai_ci NOT NULL,
  `name` varchar(40) CHARACTER SET utf8mb4 COLLATE utf8mb4_0900_ai_ci NOT NULL,
  `score` int(255) NOT NULL,
  `date` year NOT NULL,
  `state` int(1) NULL DEFAULT NULL,
  PRIMARY KEY (`phone`, `name`) USING BTREE
) ENGINE = InnoDB CHARACTER SET = utf8mb4 COLLATE = utf8mb4_0900_ai_ci ROW_FORMAT = Dynamic;

-- ----------------------------
-- Records of vip
-- ----------------------------
INSERT INTO `vip` VALUES ('13596340288', '郁曼语', 296, 2019, 0);
INSERT INTO `vip` VALUES ('13596342911', '庞曼凡', 39, 2019, 0);
INSERT INTO `vip` VALUES ('13596343572', '步湛芳', 30, 2019, 0);
INSERT INTO `vip` VALUES ('13596344446', '祭荌荌', 39, 2020, 0);
INSERT INTO `vip` VALUES ('13646341784', '进静珊', 32, 2020, 0);
INSERT INTO `vip` VALUES ('13646342853', '沈晗蕊', 0, 2020, 0);
INSERT INTO `vip` VALUES ('13646344120', '谢和悌', 68, 2020, 0);
INSERT INTO `vip` VALUES ('13646344174', '望微熹', 14, 2019, 0);
INSERT INTO `vip` VALUES ('13646345512', '奚念梦', 7, 2020, 0);
INSERT INTO `vip` VALUES ('13646348513', '戏丽姿', 47, 2019, 0);
INSERT INTO `vip` VALUES ('13646349486', '謇觅风', 0, 2020, 0);
INSERT INTO `vip` VALUES ('13646349817', '折菡', 24, 2020, 0);
INSERT INTO `vip` VALUES ('13812120932', '信昭昭', 0, 2019, 0);
INSERT INTO `vip` VALUES ('13812122017', '游依秋', 17, 2020, 0);
INSERT INTO `vip` VALUES ('13812127935', '眭雅宁', 29, 2020, 0);
INSERT INTO `vip` VALUES ('13812128410', '汉曼彤', 0, 2020, 0);

SET FOREIGN_KEY_CHECKS = 1;
